,publisher_id,num_skus,num_products,num_retailers,total_points,points_mean,importance_mode,remaining_lifecycle_months_mean,num_geographies,num_listings,weighted_score
2,3,1764,110,983,401275,4.0,1.0,4.0,79,28536,662796.5
15,19,2426,87,885,377481,4.0,2.0,15.0,78,28790,634504.7531803919
3,4,1542,69,913,327091,4.0,1.0,2.0,78,22616,518901.0
16,20,896,111,742,287740,5.0,2.0,14.0,74,18198,469195.3290747442
1,2,1620,60,1014,299713,4.0,1.0,24.0,79,24132,452268.49996954005
9,11,1455,114,883,277154,4.0,2.0,14.0,76,20138,423855.3290747442
12,15,1364,137,830,259569,4.0,2.0,20.0,76,17391,394817.4983369426
0,1,1298,50,930,257739,4.0,2.0,16.0,77,20585,378355.90920014045
5,6,1079,94,799,209690,4.0,2.0,15.0,74,14464,296903.75318039185
7,8,860,47,727,197591,4.0,1.0,20.0,74,13789,286138.4983369426
25,36,1023,134,613,163547,4.0,3.0,7.0,73,10046,229823.7411176571
93,273,706,116,466,109475,6.0,3.0,14.0,70,5702,144136.3290747442
52,71,629,50,680,126290,4.0,2.0,2.0,72,9068,141787.0
20,27,620,36,689,117671,5.0,2.0,25.0,75,7496,124998.49998879441
71,234,585,78,543,99921,5.0,3.0,13.0,71,5781,111814.17623606889
17,22,742,40,838,121284,4.0,1.0,9.0,77,8474,104776.92586326427
115,313,429,62,142,44529,12.0,3.0,9.0,42,1672,67121.42586326427
10,12,337,15,808,96939,4.0,1.0,3.0,76,7003,58169.5
51,69,216,48,463,58936,6.0,3.0,10.0,65,2799,40751.368722222534
30,44,258,53,423,52494,8.0,3.0,5.0,69,2390,31833.5
35,49,201,56,363,44930,6.0,3.0,13.0,68,1997,29861.67623606889
43,57,415,15,860,85793,4.0,1.0,16.0,79,6890,29415.409200140475
19,24,340,43,600,62363,4.0,2.0,14.0,73,4154,25077.829074744193
122,325,133,30,251,31962,8.0,3.0,25.0,59,1297,24620.999988794407
69,217,97,11,256,28526,4.0,3.0,13.0,69,1912,16811.67623606889
56,106,299,49,476,45240,5.0,3.0,14.0,70,2571,10858.829074744195
175,419,85,27,162,17226,8.0,2.0,14.0,57,648,9257.829074744195
303,657,19,5,29,4475,38.0,2.0,34.0,15,66,9184.499999998618
193,446,138,17,132,15850,8.0,2.0,2.0,39,1020,9166.5
82,251,85,20,91,10398,8.0,3.0,25.0,38,408,9162.999988794407
476,916,1,1,1,120,120.0,3.0,52.0,1,1,7375.0
344,734,3,3,1,72,24.0,4.0,52.0,1,3,7167.0
345,736,2,2,1,48,24.0,4.0,52.0,1,2,7127.5
447,872,6,2,27,1188,24.0,2.0,72.0,12,42,6779.0
474,914,1,1,1,240,120.0,3.0,40.0,1,2,6416.499999999996
478,918,2,2,1,240,120.0,4.0,40.0,1,2,6407.499999999996
291,643,27,10,26,3136,24.0,3.0,27.0,14,89,6308.4999984834885
337,727,2,2,1,48,24.0,3.0,43.5,1,2,6276.5
497,940,1,1,1,120,120.0,4.0,40.0,1,1,6175.999999999996
489,931,1,1,1,120,120.0,4.0,40.0,1,1,6175.999999999996
488,930,1,1,1,120,120.0,4.0,40.0,1,1,6175.999999999996
480,920,1,1,1,120,120.0,4.0,40.0,1,1,6175.999999999996
505,950,1,1,1,120,120.0,4.0,40.0,1,1,6175.999999999996
485,925,1,1,1,120,120.0,3.0,40.0,1,1,6174.999999999996
350,741,4,2,1,96,24.0,3.0,40.0,1,4,6019.499999999996
353,744,3,3,1,72,24.0,3.0,40.0,1,3,5965.999999999996
347,738,2,2,1,48,24.0,3.0,40.0,1,2,5926.499999999996
475,915,1,1,1,240,120.0,3.0,35.0,1,2,5916.499999999492
182,427,3,3,2,112,24.0,3.0,40.0,2,4,5867.999999999996
406,824,9,3,8,736,36.0,4.0,38.0,4,21,5857.4999999999745
41,55,2,2,1,360,120.0,3.0,32.0,1,3,5847.999999989782
448,874,1,1,1,2,2.0,2.0,40.0,1,1,5819.999999999996
351,742,3,3,2,84,24.0,4.0,40.0,2,4,5812.999999999996
90,267,1,1,2,64,32.0,4.0,40.0,2,2,5797.999999999996
102,287,105,22,315,28758,6.0,3.0,14.0,64,1328,5779.329074744195
513,959,1,1,1,120,120.0,3.0,36.0,1,1,5774.999999999813
511,957,1,1,1,120,120.0,3.0,36.0,1,1,5774.999999999813
86,262,1,1,2,42,21.0,2.0,40.0,2,2,5740.999999999996
462,893,1,1,2,36,18.0,3.0,40.0,2,2,5726.999999999996
340,730,13,3,27,2841,8.0,2.0,28.0,11,75,5689.999999442107
503,946,1,1,1,120,120.0,4.0,35.0,1,1,5675.999999999492
512,958,1,1,1,120,120.0,3.0,35.0,1,1,5674.999999999492
111,309,76,24,87,8823,8.0,3.0,15.0,31,332,5614.253180391826
62,169,3,3,4,158,24.0,3.0,40.0,4,7,5605.499999999996
349,740,3,3,4,154,24.0,3.0,40.0,4,6,5595.999999999996
496,939,1,1,1,120,120.0,3.0,34.0,1,1,5574.999999998618
508,953,1,1,1,120,120.0,3.0,34.0,1,1,5574.999999998618
483,923,1,1,1,120,120.0,3.0,34.0,1,1,5574.999999998618
487,929,1,1,1,120,120.0,2.0,34.0,1,1,5573.999999998618
164,404,141,21,243,21927,8.0,3.0,23.0,66,1092,5525.999917201246
346,737,1,1,3,29,3.0,3.0,40.0,3,3,5519.999999999996
242,534,8,4,5,522,40.0,3.0,32.5,3,8,5398.499999993803
98,280,149,26,282,25544,4.0,5.0,16.0,64,1366,5388.909200140475
499,942,1,1,1,120,120.0,3.0,32.0,1,1,5374.999999989782
130,336,1,1,3,125,3.0,3.0,36.0,3,3,5311.999999999813
348,739,2,2,3,90,24.0,3.0,36.0,3,4,5254.499999999813
510,956,1,1,1,240,120.0,3.0,28.0,1,2,5216.499999442107
481,921,1,1,1,120,120.0,4.0,30.0,1,1,5175.999999924497
504,949,2,2,1,240,120.0,3.0,27.5,1,2,5156.499999080189
441,864,2,2,2,8,2.0,3.0,35.0,1,4,5147.499999999492
18,23,235,9,557,49126,5.0,1.0,15.0,68,2919,5142.253180391826
455,886,7,5,5,312,24.0,3.0,34.0,1,13,5114.999999998618
261,601,4,4,2,200,50.0,3.0,29.5,2,4,5009.9999998755175
484,924,1,1,1,120,120.0,2.0,28.0,1,1,4973.999999442107
327,687,3,1,4,564,120.0,2.0,24.0,3,7,4925.99996954004
142,355,64,24,110,10270,3.0,4.0,14.0,62,711,4883.829074744195
356,747,2,1,5,438,75.0,2.0,28.0,3,6,4850.499999442107
442,865,2,1,4,94,12.0,4.0,33.0,3,7,4782.999999996241
493,936,1,1,1,120,120.0,3.0,26.0,1,1,4774.9999958776925
464,895,2,1,4,67,12.0,4.0,33.0,3,4,4724.499999996241
443,866,1,1,2,24,12.0,4.0,30.0,1,2,4697.499999924497
424,845,1,1,1,120,120.0,4.0,25.0,1,1,4675.999988794407
486,926,1,1,1,120,120.0,3.0,25.0,1,1,4674.999988794407
270,612,3,2,5,1080,120.0,4.0,13.0,1,9,4673.176236068891
465,896,1,1,1,12,12.0,3.0,28.0,1,1,4650.999999442107
444,868,1,1,1,3,3.0,2.0,28.0,1,1,4622.999999442107
330,693,13,3,19,1371,24.0,2.0,32.0,11,64,4589.499999989782
472,903,1,1,1,2,2.0,3.0,27.0,1,1,4520.9999984834885
355,746,2,1,4,108,24.0,3.0,30.0,2,4,4516.999999924497
280,626,2,2,1,240,120.0,3.0,21.0,1,2,4506.499388195359
85,261,3,1,4,57,7.5,4.0,31.0,4,4,4497.499999972224
458,889,3,1,5,110,24.0,2.0,31.0,3,5,4438.999999972224
492,935,1,1,1,120,120.0,4.0,22.0,1,1,4375.999774929651
479,919,1,1,1,120,120.0,3.0,22.0,1,1,4374.999774929651
190,443,1,1,1,120,120.0,3.0,22.0,1,1,4374.999774929651
416,836,1,1,1,120,120.0,5.0,21.0,1,1,4276.999388195359
495,938,1,1,1,120,120.0,3.0,21.0,1,1,4274.999388195359
450,879,3,1,6,201,19.5,4.0,29.0,4,6,4240.4999997947625
168,409,1,1,1,30,30.0,3.0,23.0,1,1,4204.999917201246
336,724,2,2,2,108,36.0,4.0,23.0,1,3,4180.999917201246
506,951,1,1,1,120,120.0,4.0,19.0,1,1,4075.995479341186
33,47,136,18,172,15438,8.0,3.0,15.0,46,745,4033.2531803918264
95,277,1,1,10,155,6.0,2.0,35.0,9,11,4028.9999999994916
456,887,8,2,6,416,24.0,3.0,22.0,3,16,3966.499774929651
470,901,3,2,3,47,2.5,3.0,24.0,3,4,3943.9999695400406
454,885,3,1,14,218,4.5,2.0,40.0,10,14,3932.4999999999964
473,904,1,1,2,4,2.0,3.0,22.0,1,2,3846.499774929651
490,933,1,1,1,120,120.0,4.0,16.0,1,1,3775.909200140475
507,952,1,1,1,120,120.0,4.0,16.0,1,1,3775.909200140475
494,937,1,1,1,120,120.0,3.0,16.0,1,1,3774.909200140475
400,808,1,1,12,168,2.0,4.0,35.0,12,13,3697.4999999994916
264,605,2,1,2,63,31.5,4.0,19.0,2,2,3692.495479341186
249,543,2,2,2,160,40.0,3.0,17.0,1,4,3689.4665965984195
463,894,1,1,1,24,24.0,4.0,18.0,1,1,3687.9877115752934
501,944,1,1,1,120,120.0,3.0,15.0,1,1,3674.7531803918264
498,941,1,1,1,120,120.0,3.0,15.0,1,1,3674.7531803918264
394,799,2,1,5,17,3.0,3.0,25.0,5,5,3636.999988794407
514,960,1,1,1,120,120.0,3.0,14.0,1,1,3574.329074744195
459,890,2,2,3,146,24.0,2.0,18.0,3,3,3563.9877115752934
354,745,4,2,12,444,24.0,2.0,28.0,6,18,3557.9999994421064
449,878,2,1,7,93,8.0,4.0,26.0,5,7,3537.9999958776925
263,604,5,1,10,282,30.0,4.0,27.0,5,10,3493.499998483488
323,681,4,4,2,480,120.0,2.0,9.0,1,4,3488.9258632642723
293,647,22,7,37,3383,24.0,3.0,13.0,16,100,3474.176236068891
460,891,5,4,6,72,3.0,3.0,24.0,5,8,3441.4999695400406
398,806,12,3,20,857,24.0,4.0,32.0,12,46,3359.999999989782
104,290,3,1,5,117,19.5,2.0,20.0,3,6,3349.9983369425618
468,899,2,1,3,44,2.0,2.0,18.0,2,3,3344.4877115752934
185,438,6,3,12,676,35.0,4.0,21.0,7,18,3322.4993881953587
318,674,2,1,5,51,6.0,4.0,21.0,5,5,3308.9993881953587
92,269,5,2,15,473,24.0,3.0,30.0,10,25,3286.4999999244974
477,917,1,1,1,120,120.0,4.0,11.0,1,1,3262.524106001829
466,897,2,1,2,42,21.0,3.0,15.0,2,2,3238.7531803918264
453,882,2,1,2,160,80.0,3.0,12.0,2,2,3229.0424956466672
332,712,7,3,15,735,36.0,3.0,24.0,8,16,3194.9999695400406
352,743,6,2,19,566,24.0,2.0,34.0,9,28,3152.499999998617
482,922,1,1,1,120,120.0,4.0,10.0,1,1,3139.3687222225317
491,934,1,1,1,120,120.0,3.0,10.0,1,1,3138.3687222225317
313,668,2,2,4,168,18.0,3.0,15.0,3,4,3124.2531803918264
245,539,32,11,40,3482,24.0,4.0,12.0,23,115,2998.0424956466672
334,721,3,2,8,260,24.0,2.0,19.0,3,9,2997.995479341186
446,871,4,2,11,231,5.0,3.0,25.0,8,16,2991.999988794407
500,943,1,1,1,120,120.0,4.0,9.0,1,1,2976.4258632642723
452,881,3,2,4,520,120.0,3.0,8.0,2,5,2957.8294335267747
236,521,1,1,5,53,4.0,4.0,17.0,4,5,2913.4665965984195
27,40,4,2,15,426,36.0,3.0,27.0,8,15,2891.499998483488
118,320,2,2,6,30,5.0,1.0,19.0,4,6,2876.995479341186
265,607,6,4,14,233,3.0,4.0,28.0,6,27,2750.4999994421064
269,611,9,3,21,2245,36.0,4.0,7.0,8,45,2737.7411176571154
467,898,3,2,2,44,2.0,3.0,10.0,2,3,2678.8687222225317
509,955,2,1,3,12,3.0,2.0,12.0,3,3,2677.0424956466672
335,722,3,1,7,345,36.0,4.0,12.0,6,7,2662.5424956466672
225,508,51,23,118,9630,3.0,5.0,13.0,62,1031,2589.676236068891
431,854,4,1,9,565,40.0,3.0,10.0,6,9,2513.8687222225317
471,902,1,1,2,4,2.0,4.0,9.0,1,2,2447.9258632642723
331,711,3,2,5,106,24.0,3.0,11.0,4,5,2412.024106001829
184,437,2,1,7,322,30.0,4.0,10.0,6,7,2381.8687222225317
70,228,7,4,47,768,3.0,5.0,72.0,45,53,2337.0
194,447,11,3,10,423,12.0,3.0,12.0,7,21,2237.0424956466672
407,825,2,2,6,46,3.0,3.0,12.0,4,6,2204.0424956466672
207,477,5,2,15,263,4.0,5.0,23.0,10,17,2136.499917201246
100,283,85,22,155,12790,8.0,2.0,19.0,52,617,2132.495479341186
89,266,2,1,5,20,3.0,3.0,10.0,5,6,2107.8687222225317
317,673,6,2,19,1455,30.0,3.0,8.0,10,29,2068.8294335267747
314,669,11,6,11,209,6.0,3.0,16.0,7,26,2014.409200140475
396,802,1,1,12,168,2.0,4.0,18.0,12,13,1997.4877115752934
295,649,25,3,40,2702,27.0,3.0,17.0,19,88,1979.4665965984195
457,888,4,1,21,289,3.0,2.0,31.0,13,21,1921.9999999722243
84,254,2,1,10,111,5.5,4.0,14.0,8,10,1836.829074744195
436,859,4,2,39,1795,4.0,3.0,30.0,39,155,1802.9999999244974
4,5,261,26,597,50087,4.0,2.0,29.0,73,3386,1770.4999997947623
358,755,18,5,46,3566,24.0,1.0,9.0,23,112,1767.925863264272
343,733,7,2,30,742,24.0,3.0,35.0,14,41,1644.4999999994914
439,862,2,1,2,5,2.5,4.0,7.0,2,2,1611.7411176571154
469,900,1,1,2,4,2.0,2.0,7.0,1,2,1609.7411176571154
385,789,3,1,12,98,5.0,4.0,15.0,5,12,1549.2531803918266
357,748,3,2,6,44,3.0,2.0,8.0,4,9,1534.8294335267747
258,597,5,1,26,710,24.0,3.0,27.0,12,35,1503.499998483488
110,308,114,16,190,15266,6.0,4.0,25.0,47,715,1483.999988794407
189,442,3,1,12,115,4.0,5.0,12.0,11,12,1281.5424956466672
401,809,7,2,16,787,36.0,3.0,8.0,9,23,1266.3294335267747
91,268,87,19,95,6957,8.0,3.0,22.0,35,405,1255.9997749296506
201,460,6,2,19,552,14.5,4.0,15.0,13,20,1206.7531803918266
250,579,8,2,17,367,4.5,3.0,15.0,11,24,1184.7531803918266
284,632,5,2,15,512,30.0,3.0,9.0,10,18,1160.425863264272
366,765,16,6,46,2441,2.0,5.0,22.0,46,274,1152.9997749296506
430,852,7,3,7,1016,120.0,4.0,1.0,4,15,978.5
326,686,4,2,5,603,120.0,2.0,4.0,2,6,812.0
14,17,387,44,823,70271,4.0,2.0,8.0,75,4762,648.8294335267747
165,405,4,1,50,1789,4.0,5.0,38.0,49,139,600.9999999999748
61,166,4,1,15,223,5.0,3.0,9.0,13,16,565.925863264272
202,470,2,1,21,244,2.0,4.0,18.0,21,22,544.4877115752934
502,945,1,1,1,120,120.0,3.0,3.0,1,1,475.0
315,670,6,3,10,144,6.0,3.0,7.0,6,20,455.2411176571154
133,341,3,1,3,244,60.0,3.0,4.0,3,5,404.0
28,42,43,8,105,7178,8.0,2.0,26.0,36,324,384.99999587769275
259,598,7,1,34,900,36.0,4.0,25.0,16,39,258.49998879440705
21,28,2,1,3,75,36.0,1.0,5.0,3,3,140.0
365,764,8,3,23,511,8.0,4.0,12.0,12,34,101.04249564666725
461,892,2,1,4,96,24.0,3.0,6.0,1,4,92.5
260,599,16,6,23,830,24.0,3.0,8.0,12,42,55.329433526774665
397,803,5,2,19,324,3.0,4.0,9.0,15,20,43.92586326427204
126,330,1,1,1,40,40.0,5.0,1.0,1,1,37.0
276,620,5,1,38,1380,24.0,4.0,19.0,16,40,-106.00452065881404
299,653,2,1,3,132,36.0,3.0,1.0,2,4,-143.0
223,506,10,5,54,2174,2.0,4.0,29.0,54,237,-148.5000002052377
298,652,5,3,4,67,3.0,4.0,4.0,4,7,-202.5
377,780,8,2,45,1584,2.0,3.0,24.5,45,182,-219.50001847489943
329,689,7,1,37,912,6.0,2.0,25.0,18,37,-291.50001120559295
76,244,98,13,211,16468,4.0,3.0,17.0,62,910,-326.0334034015805
302,656,4,2,7,952,120.0,2.0,-11.0,4,11,-341.5
37,51,3,1,17,364,3.0,3.0,7.0,11,17,-346.7588823428846
300,654,1,1,5,66,3.0,3.0,4.0,5,5,-362.0
273,617,25,6,41,3277,8.0,2.0,3.0,21,142,-409.5
167,407,4,1,32,440,8.0,3.0,23.0,15,35,-528.0000827987542
244,538,11,2,39,1361,24.0,3.0,17.0,18,51,-532.5334034015805
281,627,7,2,21,1550,27.0,2.0,1.0,10,32,-533.0
417,837,2,2,40,910,4.0,4.0,26.5,40,80,-602.0000025003058
445,870,13,2,45,1401,8.0,3.0,26.0,19,69,-627.0000041223072
392,796,8,2,25,437,8.0,3.0,10.0,15,25,-644.6312777774685
65,188,10,3,52,2154,7.0,3.0,23.0,30,88,-646.0000827987542
246,540,14,4,38,1652,24.0,2.0,9.0,17,54,-690.074136735728
319,675,6,2,26,565,6.0,3.0,9.0,20,39,-704.074136735728
146,366,11,1,51,1642,12.0,4.0,31.0,24,56,-724.0000000277757
63,171,3,1,37,1122,30.0,4.0,16.0,17,38,-732.5907998595251
324,682,5,2,42,829,4.0,2.0,31.0,40,45,-737.5000000277757
309,664,2,1,8,44,5.0,3.0,6.0,5,8,-742.5
206,476,16,7,38,1108,8.0,3.0,17.0,16,83,-877.5334034015805
234,519,28,16,65,3524,3.0,5.0,14.0,46,334,-916.6709252558051
412,831,4,1,41,1484,4.0,3.0,13.0,41,120,-925.3237639311089
414,833,1,1,39,454,4.0,4.0,31.0,39,39,-936.0000000277757
426,847,1,1,39,454,4.0,4.0,31.0,39,39,-936.0000000277757
438,861,1,1,39,454,4.0,4.0,31.0,39,39,-936.0000000277757
294,648,6,1,12,588,33.0,3.0,0.0,8,12,-951.0
121,324,4,1,10,162,3.0,3.0,5.0,9,11,-968.0
243,535,22,5,57,2303,8.0,3.0,26.0,28,85,-1002.5000041223072
376,779,6,3,47,1422,2.0,5.0,24.0,47,143,-1010.0000304599594
409,828,1,1,39,454,4.0,3.0,30.0,39,39,-1037.0000000755026
411,830,2,1,41,575,4.0,3.0,31.0,41,41,-1054.0000000277757
159,399,2,2,41,575,4.0,5.0,31.0,41,41,-1059.0000000277757
399,807,3,2,45,528,2.0,4.0,39.0,44,46,-1070.0000000000093
237,522,39,4,90,5580,12.0,4.0,17.0,33,240,-1092.5334034015805
196,451,8,2,41,1357,24.0,3.0,15.0,19,46,-1098.7468196081734
235,520,117,27,199,14599,6.0,3.0,29.0,54,749,-1102.5000002052377
427,848,1,1,39,454,4.0,4.0,29.0,39,39,-1136.0000002052377
410,829,2,1,41,575,4.0,4.0,30.0,41,41,-1153.0000000755026
262,602,1,1,1,60,60.0,4.0,-12.0,1,1,-1204.0
418,838,1,1,40,455,4.0,5.0,30.0,40,40,-1211.0000000755026
415,834,1,1,40,455,4.0,5.0,30.0,40,40,-1211.0000000755026
425,846,1,1,40,455,4.0,4.0,30.0,40,40,-1212.0000000755026
437,860,1,1,40,455,4.0,4.0,30.0,40,40,-1212.0000000755026
256,595,20,4,54,1929,24.0,3.0,25.5,19,78,-1246.5000067965354
422,842,2,1,41,575,4.0,2.0,29.0,41,41,-1255.0000002052377
222,505,8,3,53,1756,2.0,4.0,25.0,53,190,-1255.500011205593
267,609,3,1,30,565,8.0,3.0,10.0,19,31,-1255.6312777774685
341,731,5,1,43,658,4.0,2.0,31.0,18,46,-1262.0000000277757
328,688,2,1,3,360,120.0,2.0,-16.0,1,3,-1306.0
307,662,12,2,54,1973,6.0,3.0,23.0,22,91,-1367.5000827987542
266,608,4,2,4,309,30.0,2.0,-13.0,4,7,-1383.5
360,759,2,1,24,179,2.0,4.0,8.0,24,25,-1390.1705664732253
433,856,1,1,40,455,4.0,4.0,28.0,40,40,-1412.0000005578936
423,843,1,1,40,455,4.0,3.0,28.0,40,40,-1413.0000005578936
419,839,2,2,41,575,4.0,4.0,27.0,41,41,-1460.000001516512
191,444,17,4,46,1753,12.0,4.0,12.0,23,81,-1508.9575043533328
173,417,12,2,55,1788,8.0,3.0,27.0,20,88,-1521.000001516512
123,327,77,17,209,15853,6.0,3.0,14.0,55,855,-1545.670925255805
389,793,2,1,40,403,3.0,5.0,27.0,40,41,-1617.500001516512
312,667,22,4,44,1729,8.0,2.0,9.0,22,71,-1628.074136735728
421,841,1,1,39,454,4.0,5.0,23.0,39,39,-1735.0000827987542
290,640,4,2,12,336,24.0,3.0,-3.0,7,18,-1756.5
432,855,1,1,40,455,4.0,4.0,24.0,40,40,-1812.0000304599594
390,794,2,1,43,407,2.0,5.0,30.0,43,44,-1844.5000000755026
429,851,2,1,41,575,4.0,4.0,23.0,41,41,-1853.0000827987542
316,672,12,2,18,377,6.0,3.0,6.0,11,31,-1875.0
140,352,11,5,54,2174,3.0,5.0,12.0,54,212,-1891.9575043533328
408,826,8,2,12,178,6.0,2.0,-1.0,8,25,-1892.5
68,215,6,2,37,691,6.0,3.0,13.0,20,56,-1908.823763931109
434,857,1,1,39,454,4.0,4.0,21.0,39,39,-1936.000611804641
248,542,12,4,37,1340,8.0,3.0,7.0,20,81,-1937.2588823428846
435,858,2,1,41,575,4.0,4.0,22.0,41,41,-1953.0002250703494
339,729,6,1,50,919,4.0,2.0,31.0,21,50,-1995.5000000277757
305,659,3,2,7,311,30.0,3.0,-14.0,6,7,-2014.5
373,776,2,1,45,414,2.0,4.0,30.0,45,46,-2187.5000000755026
370,772,2,1,45,414,2.0,3.0,30.0,45,46,-2188.5000000755026
386,790,3,1,45,410,2.0,5.0,30.0,45,46,-2197.5000000755026
78,246,3,1,50,1454,3.5,3.0,17.0,49,100,-2227.0334034015805
32,46,33,8,59,1951,3.0,3.0,24.0,27,128,-2261.5000304599594
257,596,7,4,18,336,3.0,3.0,3.0,11,28,-2263.5
134,343,7,2,48,902,6.0,4.0,25.0,24,50,-2274.000011205593
404,819,2,1,39,401,3.0,5.0,18.0,39,40,-2343.5122884247066
287,635,49,9,83,4749,10.0,2.0,10.0,32,210,-2345.6312777774683
382,786,2,1,44,413,2.0,5.0,26.0,44,45,-2410.5000041223075
271,613,23,5,42,2329,24.0,2.0,4.0,18,102,-2418.0
24,33,68,16,171,11681,6.0,3.0,21.0,58,775,-2433.5006118046413
378,781,4,2,47,574,2.5,4.0,28.0,45,48,-2437.0000005578936
362,761,5,2,48,1046,3.0,5.0,20.0,44,51,-2470.5016630574382
272,615,5,1,48,635,4.0,2.0,28.0,20,50,-2501.0000005578936
367,766,2,1,45,414,2.0,5.0,26.0,45,46,-2586.5000041223075
208,478,25,8,56,1994,8.0,1.0,14.0,28,123,-2616.170925255805
40,54,131,14,250,18287,4.5,2.0,28.0,64,974,-2617.5000005578936
368,770,5,3,46,496,2.0,3.0,26.0,44,49,-2623.5000041223075
359,757,2,1,48,458,2.0,4.0,30.0,48,49,-2633.5000000755026
338,728,6,1,53,846,4.0,2.0,31.0,20,54,-2676.000000027776
363,762,2,1,45,414,2.0,3.0,24.0,45,46,-2788.5000304599594
177,421,32,4,82,3914,8.0,3.0,20.0,30,153,-2800.5016630574382
403,815,2,1,44,408,2.0,5.0,22.0,44,45,-2820.500225070349
387,791,3,1,44,408,2.0,5.0,22.0,44,45,-2823.500225070349
160,400,1,1,22,442,6.0,5.0,2.0,22,22,-2831.0
361,760,2,1,45,414,2.0,5.0,23.0,45,46,-2886.500082798754
283,630,15,4,27,1388,24.0,3.0,-9.0,12,70,-2919.0
391,795,2,1,44,408,2.0,5.0,21.0,44,45,-2920.5006118046413
428,850,2,2,40,574,4.0,4.0,10.0,40,40,-3020.6312777774683
288,636,3,1,20,856,30.0,3.0,-12.0,10,20,-3036.0
333,720,13,3,60,1401,8.0,4.0,28.0,46,85,-3095.5000005578936
187,440,2,2,41,495,4.0,4.0,12.0,40,41,-3125.4575043533328
371,774,3,1,46,416,2.0,4.0,22.0,46,47,-3164.500225070349
176,420,2,1,21,334,5.5,4.0,-1.0,16,22,-3174.5
451,880,2,1,44,413,2.0,4.0,18.0,44,45,-3211.5122884247066
308,663,18,6,33,1087,6.0,3.0,5.0,18,69,-3240.5
240,531,5,1,27,926,30.0,3.0,-3.0,14,29,-3246.5
141,354,44,14,154,9913,8.0,4.0,23.0,58,292,-3345.000082798754
384,788,2,1,46,416,2.0,5.0,20.0,46,47,-3360.5016630574382
413,832,1,1,40,455,4.0,4.0,9.0,40,40,-3411.5741367357277
375,778,3,1,46,416,2.0,4.0,19.0,46,47,-3464.504520658814
179,423,10,3,90,4449,16.0,3.0,16.0,34,164,-3471.090799859525
364,763,2,1,45,414,2.0,5.0,17.0,45,46,-3486.5334034015805
153,389,1,1,50,492,3.0,5.0,24.0,50,50,-3518.0000304599594
88,265,152,22,318,24506,5.0,5.0,13.0,68,1298,-3548.823763931109
279,623,9,3,35,1175,6.0,2.0,3.0,17,70,-3576.5
381,785,2,1,48,478,2.0,3.0,20.0,48,49,-3594.5016630574382
369,771,3,1,45,410,2.0,3.0,16.0,44,46,-3600.090799859525
209,479,2,1,50,727,3.5,4.0,18.0,49,50,-3652.0122884247066
420,840,1,1,40,455,4.0,5.0,8.0,40,40,-3681.6705664732253
292,646,5,1,25,580,8.0,3.0,-4.0,13,25,-3707.0
221,504,1,1,49,607,3.0,4.0,18.0,49,49,-3711.0122884247066
379,783,2,1,45,414,2.0,4.0,14.0,45,46,-3788.170925255805
255,594,12,2,74,2610,5.0,4.0,21.0,28,122,-3844.0006118046413
374,777,2,1,45,414,2.0,4.0,13.0,45,46,-3889.323763931109
150,378,5,4,51,799,4.0,5.0,16.0,49,53,-3912.090799859525
301,655,4,1,22,598,8.0,2.0,-12.0,11,23,-3933.0
211,481,2,1,52,779,4.0,4.0,17.0,49,52,-4004.5334034015805
213,483,1,1,49,607,3.0,4.0,15.0,49,49,-4011.2468196081736
405,821,5,2,48,526,2.0,5.0,14.0,46,49,-4114.170925255805
181,426,14,2,76,2591,6.0,3.0,22.0,31,138,-4122.500225070349
125,329,6,1,73,1544,7.0,3.0,38.0,29,78,-4135.5000000000255
60,165,109,9,229,15721,5.0,3.0,27.0,58,855,-4148.5000015165115
402,814,4,1,48,403,2.0,4.0,16.0,44,49,-4151.590799859525
395,801,3,1,44,444,2.0,4.0,9.0,43,45,-4152.574136735728
289,637,12,2,81,2758,8.0,2.0,27.0,28,142,-4177.0000015165115
50,68,6,5,33,716,6.0,4.0,3.0,24,38,-4182.0
183,429,5,1,29,576,6.0,4.0,-3.0,20,30,-4325.0
215,486,1,1,49,607,3.0,4.0,11.0,49,49,-4424.475893998171
109,306,61,7,147,8698,6.0,3.0,21.0,40,422,-4534.000611804641
310,665,13,3,57,3168,24.0,3.0,-8.0,20,123,-4562.5
286,634,3,1,31,908,24.0,3.0,-9.0,15,31,-4599.0
132,338,2,1,57,558,3.0,3.0,24.0,57,57,-4637.00003045996
66,207,4,1,51,566,3.0,3.0,13.0,47,52,-4661.323763931109
145,358,25,4,92,4167,24.0,3.0,14.0,45,143,-4665.670925255805
147,372,7,1,37,1062,8.0,3.0,-2.0,17,37,-4689.0
241,533,67,17,145,8279,6.0,4.0,25.0,51,405,-4719.000011205593
148,373,1,1,50,492,3.0,5.0,12.0,50,50,-4722.957504353333
380,784,7,4,52,802,3.0,5.0,10.0,45,53,-4731.631277777468
218,489,7,3,74,2378,4.0,4.0,16.0,51,145,-4755.090799859525
152,386,2,2,51,494,3.0,5.0,13.0,50,51,-4804.323763931109
57,155,164,21,356,27144,6.0,3.0,15.0,69,1379,-4819.246819608174
388,792,3,1,47,472,2.0,3.0,8.0,46,48,-4902.670566473225
297,651,22,8,98,3958,6.0,3.0,26.0,49,153,-4983.0000041223075
106,292,30,7,104,6560,8.0,2.0,3.0,31,278,-4996.5
75,243,10,3,35,1149,27.0,2.0,-11.0,16,38,-5059.0
74,241,28,7,65,1939,6.0,4.0,8.0,27,125,-5214.670566473225
77,245,125,40,398,29538,3.0,5.0,26.0,70,2240,-5216.0000041223075
372,775,6,3,47,1238,2.0,3.0,4.0,47,138,-5387.5
154,390,1,1,50,492,3.0,5.0,8.0,50,50,-5388.670566473225
296,650,27,3,65,3150,8.0,2.0,-2.0,23,139,-5472.0
275,619,18,3,43,1062,8.0,2.0,-1.0,19,61,-5680.0
321,678,15,2,88,2589,6.0,3.0,28.0,44,122,-5707.000000557893
210,480,3,1,50,1254,3.0,4.0,5.0,49,99,-5828.0
228,511,2,1,49,1214,3.0,4.0,3.0,49,98,-5926.5
29,43,92,12,250,16341,6.0,2.0,35.0,59,713,-6071.000000000508
440,863,7,2,55,1620,24.0,4.0,4.0,23,65,-6158.0
136,347,3,2,59,682,3.0,4.0,10.0,58,59,-6191.131277777468
311,666,13,2,42,953,5.0,2.0,-6.0,20,62,-6197.0
320,677,20,6,89,1796,4.0,2.0,40.0,52,122,-6315.000000000004
199,458,39,11,147,7831,6.0,3.0,19.0,50,387,-6477.504520658814
247,541,8,1,51,992,6.0,4.0,6.0,25,53,-6525.0
188,441,14,3,62,985,4.0,3.0,8.0,46,79,-6575.170566473225
103,289,8,2,75,1422,5.5,2.0,19.5,42,78,-6598.502741918172
227,510,1,1,41,301,2.0,4.0,1.0,41,41,-6600.0
216,487,19,5,72,1351,4.0,3.0,15.0,53,110,-6651.746819608174
383,787,11,4,68,1010,4.0,4.0,14.0,51,85,-6720.670925255805
268,610,15,3,85,3835,8.0,2.0,4.0,28,193,-6982.5
120,323,1,1,49,607,3.0,4.0,5.0,49,49,-7011.0
220,503,2,1,47,456,3.0,4.0,4.0,47,47,-7060.0
180,425,2,2,50,727,3.5,5.0,3.0,49,50,-7158.0
253,592,14,2,59,1485,8.0,2.0,2.0,23,95,-7342.0
151,381,7,5,52,828,3.5,5.0,2.0,50,56,-7442.5
229,512,2,1,49,470,3.0,4.0,3.0,49,49,-7488.0
226,509,2,1,49,470,3.0,4.0,2.0,49,49,-7588.0
231,514,3,2,53,638,3.0,4.0,4.0,53,62,-7760.5
139,351,3,1,51,476,3.0,5.0,3.0,50,51,-7834.5
233,516,5,1,77,863,3.0,5.0,21.0,57,78,-7902.500611804641
230,513,4,2,51,630,3.0,4.0,-1.0,49,51,-7938.0
342,732,8,2,56,923,6.0,3.0,2.0,21,62,-7959.5
119,321,17,3,69,2136,6.0,2.0,1.0,31,89,-7963.0
169,410,4,1,52,564,3.0,3.0,1.0,51,52,-8041.5
94,274,11,1,84,1724,8.0,3.0,15.0,34,91,-8047.746819608174
83,252,75,9,187,10279,6.0,2.0,25.0,51,515,-8084.000011205593
162,402,69,14,239,15357,8.0,3.0,14.0,62,633,-8220.170925255805
304,658,18,3,77,2523,4.0,3.0,2.0,51,110,-8491.5
393,798,14,2,76,1512,4.0,4.0,7.0,46,99,-8568.258882342885
174,418,25,9,120,3818,5.5,3.0,29.0,54,186,-8887.500000205238
277,621,12,4,65,1137,4.0,3.0,4.0,48,110,-8894.0
112,310,16,4,75,2138,24.0,4.0,2.0,35,93,-8915.0
252,591,11,1,95,1704,4.0,4.0,26.0,51,99,-8950.000004122307
116,317,13,3,102,2867,8.0,3.0,14.0,35,133,-9058.670925255805
166,406,31,3,119,4318,8.0,3.0,15.0,40,171,-9110.746819608174
282,628,28,3,117,3517,4.0,3.0,27.0,51,184,-9122.500001516511
42,56,83,19,275,17988,6.0,3.0,12.0,63,1023,-9135.957504353333
232,515,3,1,56,498,3.0,4.0,-3.0,56,56,-9281.0
81,250,28,9,124,4917,8.0,3.0,10.0,58,226,-9290.63127777747
101,285,5,1,59,591,3.0,3.0,-2.0,49,59,-9541.0
325,685,6,3,99,1854,4.0,3.0,23.0,53,102,-9664.500082798753
149,374,11,2,89,1560,4.0,3.0,11.0,52,93,-9687.975893998171
200,459,22,5,127,3624,6.0,3.0,36.5,56,188,-9744.000000000113
214,484,7,3,70,1084,4.0,4.0,3.0,57,78,-10020.5
129,335,22,6,111,3303,4.0,5.0,11.0,52,201,-10058.975893998171
49,67,21,6,100,3636,8.0,2.0,4.0,37,184,-10128.5
219,502,36,12,120,3835,8.0,2.0,15.0,52,242,-10223.246819608174
124,328,6,2,99,1936,6.0,3.0,14.0,52,101,-10394.170925255805
274,618,29,4,109,4398,8.0,2.0,2.0,50,195,-10411.5
254,593,25,3,128,4016,5.0,4.0,23.0,48,213,-10451.500082798753
212,482,74,14,203,10615,5.0,3.0,22.0,67,544,-10572.50022507035
238,523,11,2,91,1519,4.0,4.0,8.0,42,116,-10656.670566473225
39,53,77,12,184,8681,3.0,4.0,22.0,63,557,-10999.00022507035
157,394,4,2,98,1084,3.0,5.0,22.0,61,99,-11111.00022507035
34,48,200,24,390,26831,6.0,2.0,16.0,70,1492,-11425.090799859525
322,680,10,1,75,1500,4.0,2.0,-15.0,30,78,-11899.0
204,473,5,2,103,1313,3.0,3.0,18.0,58,105,-11950.512288424707
195,449,10,4,92,1943,6.0,3.0,6.0,28,105,-11951.5
217,488,26,4,120,3079,5.0,4.0,13.0,56,148,-11990.823763931108
172,416,6,1,79,1057,3.0,4.0,-1.0,57,79,-12077.0
198,457,30,9,152,5744,5.5,4.0,14.0,56,222,-12255.170925255805
158,397,138,7,442,29808,4.0,2.0,28.0,70,2042,-12503.000000557893
13,16,140,25,400,27054,6.0,4.0,18.0,69,1394,-12551.512288424707
197,452,23,8,152,5353,4.0,3.0,17.0,57,307,-12583.03340340158
186,439,33,3,186,8403,6.0,3.0,15.0,44,436,-12609.246819608174
161,401,20,6,95,1829,5.0,4.0,3.0,50,119,-13031.5
79,248,30,4,139,2986,4.0,3.0,37.0,58,199,-13131.50000000007
285,633,12,1,84,1314,4.0,2.0,-8.0,50,87,-13173.5
203,471,2,2,90,1086,4.0,4.0,6.0,53,90,-13278.5
131,337,17,7,109,3150,3.0,4.0,-5.0,61,285,-13455.0
143,356,4,2,105,978,3.0,5.0,12.0,57,105,-13580.957504353333
8,10,388,28,772,58812,4.0,1.0,8.0,76,4233,-13774.170566473225
97,279,8,2,102,2022,4.0,2.0,1.0,51,106,-14063.5
22,29,18,2,144,3927,5.0,2.0,16.0,41,239,-14148.090799859525
144,357,4,3,100,1082,3.0,4.0,6.0,56,100,-15084.0
278,622,42,3,167,6911,4.0,2.0,5.0,55,371,-15295.0
138,350,37,6,167,7074,8.0,3.0,1.0,58,295,-15482.5
45,60,32,10,155,4775,3.0,3.0,7.0,62,400,-15914.758882342885
205,474,37,12,147,3129,6.0,4.0,18.0,51,227,-16221.012288424707
105,291,151,12,338,21903,6.0,3.0,-8.0,61,1371,-16275.0
48,64,19,2,139,2382,4.0,2.0,16.0,55,163,-16449.090799859525
135,345,64,11,251,11681,6.0,3.0,23.0,64,705,-16688.500082798753
171,415,15,3,137,3703,6.0,3.0,2.0,50,184,-16810.0
38,52,132,13,460,30117,5.0,3.0,13.0,67,1783,-17038.82376393111
156,393,24,5,172,4564,4.5,3.0,20.0,54,250,-17529.50166305744
99,281,160,11,439,27456,4.0,2.0,22.0,69,1800,-17724.50022507035
64,176,17,1,157,3475,5.0,3.0,9.0,57,229,-18187.57413673573
47,62,58,5,280,13681,6.0,3.0,8.0,62,752,-19549.670566473225
31,45,397,29,839,61111,4.0,1.0,23.0,78,4159,-19609.500082798753
128,333,136,18,341,20427,4.0,3.0,-5.0,70,1269,-19614.5
72,238,86,13,322,15116,5.5,2.0,46.0,63,756,-20304.0
11,14,80,15,283,13079,4.0,3.0,13.0,65,895,-20446.82376393111
178,422,31,6,218,9005,5.5,3.0,-3.0,62,384,-21049.5
192,445,16,4,173,4593,4.0,5.0,4.0,62,343,-21075.5
170,411,64,6,278,10908,5.0,3.0,43.0,62,673,-21109.5
96,278,40,7,203,5146,4.0,3.0,23.0,53,385,-21506.000082798753
163,403,156,17,482,29607,4.0,2.0,14.0,67,2020,-21664.170925255807
117,319,112,14,423,23991,5.0,3.0,26.0,68,1425,-21812.500004122307
107,303,55,4,302,15709,6.0,4.0,-1.0,65,873,-21883.0
239,528,41,3,265,9951,4.0,3.0,22.0,58,659,-22717.50022507035
251,590,40,6,250,8285,5.0,4.0,24.0,62,447,-23481.50003045996
137,349,17,4,203,4252,4.0,3.0,20.0,63,248,-23704.50166305744
80,249,30,2,216,5004,4.0,4.0,22.0,62,375,-24174.50022507035
127,332,15,6,205,4135,4.0,5.0,11.0,61,297,-25145.47589399817
108,305,35,5,279,10327,5.0,4.0,17.0,65,537,-25159.03340340158
87,264,49,8,267,8462,4.0,3.0,16.0,69,567,-26847.090799859525
224,507,53,5,276,10581,4.0,3.0,6.0,61,629,-27131.0
59,163,78,4,390,18445,5.0,2.0,11.0,66,1324,-28459.47589399817
23,32,18,6,211,4145,4.0,3.0,6.0,63,283,-28723.0
67,214,45,7,294,9041,4.0,3.0,25.0,67,646,-29512.500011205593
54,73,177,7,589,34251,4.0,2.0,16.0,74,2502,-30702.090799859525
73,239,64,3,290,10055,4.0,2.0,-2.0,61,663,-31472.0
155,391,63,9,320,12090,6.0,3.0,3.0,60,689,-32299.5
53,72,107,11,513,26483,4.0,2.0,15.0,72,1757,-33594.746819608175
114,312,52,6,358,13048,6.0,3.0,13.0,66,857,-33916.32376393111
44,58,92,8,474,23357,5.0,2.0,4.0,70,1383,-36421.5
46,61,23,3,314,7576,4.0,4.0,14.0,63,535,-37216.67092525581
58,162,104,11,510,21817,4.0,2.0,-2.0,69,1626,-46275.5
306,660,153,9,603,26891,4.0,1.0,27.0,71,1829,-47796.00000151651
113,311,21,1,334,6066,5.0,2.0,-5.0,56,373,-47963.5
6,7,102,5,526,20436,4.0,2.0,3.0,71,1608,-51395.5
36,50,85,11,602,25006,4.0,2.0,1.0,71,1851,-55762.0
55,104,101,5,633,24379,4.0,2.0,18.0,74,2158,-58440.01228842471
26,37,277,9,823,38404,4.0,1.0,5.0,78,3059,-67093.5
